INSERT INTO grade (id, give_birth_cost, glasess_cost, hotel_cost, meal_cost, grade, transportation_cost) VALUES ('1', '100000', '150000', '300000', '200000', '1', '150000');
INSERT INTO grade (id, give_birth_cost, glasess_cost, hotel_cost, meal_cost, grade, transportation_cost) VALUES ('2', '200000', '200000', '400000', '300000', '2', '200000');
INSERT INTO grade (id, give_birth_cost, glasess_cost, hotel_cost, meal_cost, grade, transportation_cost) VALUES ('3', '300000', '250000', '500000', '400000', '3', '300000');
INSERT INTO grade (id, give_birth_cost, glasess_cost, hotel_cost, meal_cost, grade, transportation_cost) VALUES ('4', '400000', '300000', '600000', '500000', '4', '400000');


INSERT INTO category (id, category_name) VALUES ('1', 'Kacamata');
INSERT INTO category (id, category_name) VALUES ('2', 'Pelatihan');
INSERT INTO category (id, category_name) VALUES ('3', 'Melahirkan');
INSERT INTO category (id, category_name) VALUES ('4', 'Perjalanan Dinas');
INSERT INTO category (id, category_name) VALUES ('5', 'Asuransi');


INSERT INTO role(id,created_date,role_name) VALUES (1,'2021-03-13','super_admin');
INSERT INTO role(id,created_date,role_name) VALUES (2,'2021-03-14','admin_finance');
INSERT INTO role(id,created_date,role_name) VALUES (3,'2021-03-16','assistance_admin');
INSERT INTO role(id,created_date,role_name) VALUES (4,'2021-03-17','employee');


INSERT INTO login (id, created_date, email, password, id_role) VALUES ('1', '2021-12-1', 'wisa@gmail.com', 'd0a58ca1d013f9613b13b01e5eb7b86a9c2543effa8703a7f2d139a8663d9928', 1);
INSERT INTO login (id, created_date, email, password, id_role) VALUES ('2', '2021-12-2', 'irfan@gmail.com', 'irfan', 2);
INSERT INTO login (id, created_date, email, password, id_role) VALUES ('3', '2021-12-3', 'wulan@gmail.com', 'wulan', 3);
INSERT INTO login (id, created_date, email, password, id_role) VALUES ('4', '2021-12-4', 'eka@gmail.com', 'eka', 4);
INSERT INTO login (id, created_date, email, password, id_role) VALUES ('5', '2021-12-4', 'eka1@gmail.com', 'eka', 4);
INSERT INTO login (id, created_date, email, password, id_role) VALUES ('6', '2021-12-4', 'eka2@gmail.com', 'eka', 4);
INSERT INTO login (id, created_date, email, password, id_role) VALUES ('7', '2021-12-4', 'eka3@gmail.com', 'eka', 4);
INSERT INTO login (id, created_date, email, password, id_role) VALUES ('8', '2021-12-4', 'eka4@gmail.com', 'eka', 4);
INSERT INTO login (id, created_date, email, password, id_role) VALUES ('9', '2021-12-4', 'eka5@gmail.com', 'eka', 4);
INSERT INTO login (id, created_date, email, password, id_role) VALUES ('10', '2021-12-4', 'ek6a@gmail.com', 'eka', 4);
INSERT INTO login (id, created_date, email, password, id_role) VALUES ('11', '2021-12-4', 'eka7@gmail.com', 'eka', 4);
INSERT INTO login (id, created_date, email, password, id_role) VALUES ('12', '2021-12-4', 'eka8@gmail.com', 'eka', 4);
INSERT INTO login (id, created_date, email, password, id_role) VALUES ('13', '2021-12-4', 'eka9@gmail.com', 'eka', 4);
INSERT INTO login (id, created_date, email, password, id_role) VALUES ('14', '2021-12-4', 'eka10@gmail.com', 'eka', 4);
INSERT INTO login (id, created_date, email, password, id_role) VALUES ('15', '2021-12-4', 'eka11@gmail.com', 'eka', 4);
INSERT INTO login (id, created_date, email, password, id_role) VALUES ('16', '2021-12-4', 'eka12@gmail.com', 'eka', 4);
INSERT INTO login (id, created_date, email, password, id_role) VALUES ('17', '2021-12-4', 'eka13@gmail.com', 'eka', 4);
INSERT INTO login (id, created_date, email, password, id_role) VALUES ('18', '2021-12-4', 'eka14@gmail.com', 'eka', 4);
INSERT INTO login (id, created_date, email, password, id_role) VALUES ('19', '2021-12-4', 'eka15@gmail.com', 'eka', 4);
INSERT INTO login (id, created_date, email, password, id_role) VALUES ('20', '2021-12-4', 'eka16@gmail.com', 'eka', 4);


INSERT INTO employee(id, created_date, id_login, fullname, account_name, account_number, biological_mother_name, date_of_birth,emergency_number, ktp_address, employee_type, employee_status, gender,join_date, npwp_address,phone_number, place_of_birth, postal_code_of_id_card, religion,residence_address, marital_status,blood_type, number_of_children, spouse_name,npwp, nik, nip,is_verified_hc,is_verified_email, is_completed, grade_id, email_verification_token) VALUES ('1','2021-12-4', '1', 'Tuti Wulandari','BRI','321205151515','nurul aida','1998-07-17','085318919533','indramayu','ONSITE','NON_ACTIVE','FEMALE', '2021-04-20','indramayu','085323182016','indramayu','45261','ISLAM','jakarta','SINGLE','A',0,'Belum ada','12345678','3212055707980002','14061015900',TRUE,TRUE, TRUE,1,'tokentokentoken');
INSERT INTO employee(id, created_date, id_login, fullname, account_name, account_number, biological_mother_name, date_of_birth,emergency_number, ktp_address, employee_type, employee_status, gender,join_date, npwp_address,phone_number, place_of_birth, postal_code_of_id_card, religion,residence_address, marital_status,blood_type, number_of_children, spouse_name,npwp, nik, nip,is_verified_hc,is_verified_email, is_completed, grade_id, email_verification_token) VALUES ('2','2021-12-4', '2', 'Wisa','BCA','321205151515','nurul aida','1998-07-17','085318919533','indramayu','ONSITE','ACTIVE','MALE', '2021-04-20','indramayu','085323182016','indramayu','45261','ISLAM','jakarta','SINGLE','A',0,'Belum ada','12345678','3212055707980001','14061015902',TRUE,TRUE, TRUE,2,'tokentokentoken');
INSERT INTO employee(id, created_date, id_login, fullname, account_name, account_number, biological_mother_name, date_of_birth,emergency_number, ktp_address, employee_type, employee_status, gender,join_date, npwp_address,phone_number, place_of_birth, postal_code_of_id_card, religion,residence_address, marital_status,blood_type, number_of_children, spouse_name,npwp, nik, nip,is_verified_hc,is_verified_email, is_completed, grade_id, email_verification_token) VALUES ('3','2021-12-4', '3', 'Irfam','BNI','321205151515','nurul aida','1998-07-17','085318919533','indramayu','ONSITE','ACTIVE','MALE', '2021-04-20','indramayu','085323182016','indramayu','45261','ISLAM','jakarta','SINGLE','A',0,'Belum ada','12345678','3212055707980002','14061015900',TRUE,FALSE, TRUE,3,'tokentokentoken');
INSERT INTO employee(id, created_date, id_login, fullname, account_name, account_number, biological_mother_name, date_of_birth,emergency_number, ktp_address, employee_type, employee_status, gender,join_date, npwp_address,phone_number, place_of_birth, postal_code_of_id_card, religion,residence_address, marital_status,blood_type, number_of_children, spouse_name,npwp, nik, nip,is_verified_hc,is_verified_email, is_completed, grade_id, email_verification_token) VALUES ('4','2021-12-4', '4', 'Eka','Mandiri','321205151515','nurul aida','1998-07-17','085318919533','indramayu','ONSITE','NON_ACTIVE','FEMALE', '2021-04-20','indramayu','085323182016','indramayu','45261','ISLAM','jakarta','SINGLE','A',0,'Belum ada','12345678','3212055707980002','14061015900',FALSE,TRUE, TRUE,4,'tokentokentoken');
INSERT INTO employee(id, created_date, id_login, fullname, account_name, account_number, biological_mother_name, date_of_birth,emergency_number, ktp_address, employee_type, employee_status, gender,join_date, npwp_address,phone_number, place_of_birth, postal_code_of_id_card, religion,residence_address, marital_status,blood_type, number_of_children, spouse_name,npwp, nik, nip,is_verified_hc,is_verified_email, is_completed, grade_id, email_verification_token) VALUES ('5','2021-12-5', '5', 'Atmim','Mandiri','321205151515','nurul aida','1998-07-17','085318919533','indramayu','ONSITE','NON_ACTIVE','FEMALE', '2021-04-20','indramayu','085323182016','indramayu','45261','ISLAM','jakarta','SINGLE','A',0,'Belum ada','12345678','3212055707980002','14061015900',FALSE,TRUE, TRUE,4,'tokentokentoken');
INSERT INTO employee(id, created_date, id_login, fullname, account_name, account_number, biological_mother_name, date_of_birth,emergency_number, ktp_address, employee_type, employee_status, gender,join_date, npwp_address,phone_number, place_of_birth, postal_code_of_id_card, religion,residence_address, marital_status,blood_type, number_of_children, spouse_name,npwp, nik, nip,is_verified_hc,is_verified_email, is_completed, grade_id, email_verification_token) VALUES ('6','2021-12-6', '6', 'Bayu','Mandiri','321205151515','nurul aida','1998-07-17','085318919533','indramayu','ONSITE','NON_ACTIVE','FEMALE', '2021-04-20','indramayu','085323182016','indramayu','45261','ISLAM','jakarta','SINGLE','A',0,'Belum ada','12345678','3212055707980002','14061015900',FALSE,TRUE, TRUE,4,'tokentokentoken');
INSERT INTO employee(id, created_date, id_login, fullname, account_name, account_number, biological_mother_name, date_of_birth,emergency_number, ktp_address, employee_type, employee_status, gender,join_date, npwp_address,phone_number, place_of_birth, postal_code_of_id_card, religion,residence_address, marital_status,blood_type, number_of_children, spouse_name,npwp, nik, nip,is_verified_hc,is_verified_email, is_completed, grade_id, email_verification_token) VALUES ('7','2021-12-7', '7', 'Yudi','Mandiri','321205151515','nurul aida','1998-07-17','085318919533','indramayu','ONSITE','NON_ACTIVE','FEMALE', '2021-04-20','indramayu','085323182016','indramayu','45261','ISLAM','jakarta','SINGLE','A',0,'Belum ada','12345678','3212055707980002','14061015900',FALSE,TRUE, TRUE,4,'tokentokentoken');
INSERT INTO employee(id, created_date, id_login, fullname, account_name, account_number, biological_mother_name, date_of_birth,emergency_number, ktp_address, employee_type, employee_status, gender,join_date, npwp_address,phone_number, place_of_birth, postal_code_of_id_card, religion,residence_address, marital_status,blood_type, number_of_children, spouse_name,npwp, nik, nip,is_verified_hc,is_verified_email, is_completed, grade_id, email_verification_token) VALUES ('8','2021-12-8', '8', 'Daniel','Mandiri','321205151515','nurul aida','1998-07-17','085318919533','indramayu','ONSITE','NON_ACTIVE','FEMALE', '2021-04-20','indramayu','085323182016','indramayu','45261','ISLAM','jakarta','SINGLE','A',0,'Belum ada','12345678','3212055707980002','14061015900',FALSE,TRUE, TRUE,4,'tokentokentoken');
INSERT INTO employee(id, created_date, id_login, fullname, account_name, account_number, biological_mother_name, date_of_birth,emergency_number, ktp_address, employee_type, employee_status, gender,join_date, npwp_address,phone_number, place_of_birth, postal_code_of_id_card, religion,residence_address, marital_status,blood_type, number_of_children, spouse_name,npwp, nik, nip,is_verified_hc,is_verified_email, is_completed, grade_id, email_verification_token) VALUES ('9','2021-12-9', '9', 'Mahmud','Mandiri','321205151515','nurul aida','1998-07-17','085318919533','indramayu','ONSITE','NON_ACTIVE','FEMALE', '2021-04-20','indramayu','085323182016','indramayu','45261','ISLAM','jakarta','SINGLE','A',0,'Belum ada','12345678','3212055707980002','14061015900',FALSE,TRUE, TRUE,4,'tokentokentoken');
INSERT INTO employee(id, created_date, id_login, fullname, account_name, account_number, biological_mother_name, date_of_birth,emergency_number, ktp_address, employee_type, employee_status, gender,join_date, npwp_address,phone_number, place_of_birth, postal_code_of_id_card, religion,residence_address, marital_status,blood_type, number_of_children, spouse_name,npwp, nik, nip,is_verified_hc,is_verified_email, is_completed, grade_id, email_verification_token) VALUES ('10','2021-12-10', '10', 'Eka1','Mandiri','321205151515','nurul aida','1998-07-17','085318919533','indramayu','ONSITE','NON_ACTIVE','FEMALE', '2021-04-20','indramayu','085323182016','indramayu','45261','ISLAM','jakarta','SINGLE','A',0,'Belum ada','12345678','3212055707980002','14061015900',FALSE,TRUE, TRUE,4,'tokentokentoken');
INSERT INTO employee(id, created_date, id_login, fullname, account_name, account_number, biological_mother_name, date_of_birth,emergency_number, ktp_address, employee_type, employee_status, gender,join_date, npwp_address,phone_number, place_of_birth, postal_code_of_id_card, religion,residence_address, marital_status,blood_type, number_of_children, spouse_name,npwp, nik, nip,is_verified_hc,is_verified_email, is_completed, grade_id, email_verification_token) VALUES ('11','2021-12-11', '11', 'Eka2','Mandiri','321205151515','nurul aida','1998-07-17','085318919533','indramayu','ONSITE','NON_ACTIVE','FEMALE', '2021-04-20','indramayu','085323182016','indramayu','45261','ISLAM','jakarta','SINGLE','A',0,'Belum ada','12345678','3212055707980002','14061015900',FALSE,TRUE, TRUE,4,'tokentokentoken');
INSERT INTO employee(id, created_date, id_login, fullname, account_name, account_number, biological_mother_name, date_of_birth,emergency_number, ktp_address, employee_type, employee_status, gender,join_date, npwp_address,phone_number, place_of_birth, postal_code_of_id_card, religion,residence_address, marital_status,blood_type, number_of_children, spouse_name,npwp, nik, nip,is_verified_hc,is_verified_email, is_completed, grade_id, email_verification_token) VALUES ('12','2021-12-12', '12', 'Eka3','Mandiri','321205151515','nurul aida','1998-07-17','085318919533','indramayu','ONSITE','NON_ACTIVE','FEMALE', '2021-04-20','indramayu','085323182016','indramayu','45261','ISLAM','jakarta','SINGLE','A',0,'Belum ada','12345678','3212055707980002','14061015900',FALSE,TRUE, TRUE,4,'tokentokentoken');
INSERT INTO employee(id, created_date, id_login, fullname, account_name, account_number, biological_mother_name, date_of_birth,emergency_number, ktp_address, employee_type, employee_status, gender,join_date, npwp_address,phone_number, place_of_birth, postal_code_of_id_card, religion,residence_address, marital_status,blood_type, number_of_children, spouse_name,npwp, nik, nip,is_verified_hc,is_verified_email, is_completed, grade_id, email_verification_token) VALUES ('13','2021-12-13', '13', 'Eka4','Mandiri','321205151515','nurul aida','1998-07-17','085318919533','indramayu','ONSITE','NON_ACTIVE','FEMALE', '2021-04-20','indramayu','085323182016','indramayu','45261','ISLAM','jakarta','SINGLE','A',0,'Belum ada','12345678','3212055707980002','14061015900',FALSE,TRUE, TRUE,4,'tokentokentoken');
INSERT INTO employee(id, created_date, id_login, fullname, account_name, account_number, biological_mother_name, date_of_birth,emergency_number, ktp_address, employee_type, employee_status, gender,join_date, npwp_address,phone_number, place_of_birth, postal_code_of_id_card, religion,residence_address, marital_status,blood_type, number_of_children, spouse_name,npwp, nik, nip,is_verified_hc,is_verified_email, is_completed, grade_id, email_verification_token) VALUES ('14','2021-12-14', '14', 'Eka5','Mandiri','321205151515','nurul aida','1998-07-17','085318919533','indramayu','ONSITE','NON_ACTIVE','FEMALE', '2021-04-20','indramayu','085323182016','indramayu','45261','ISLAM','jakarta','SINGLE','A',0,'Belum ada','12345678','3212055707980002','14061015900',FALSE,TRUE, TRUE,4,'tokentokentoken');
INSERT INTO employee(id, created_date, id_login, fullname, account_name, account_number, biological_mother_name, date_of_birth,emergency_number, ktp_address, employee_type, employee_status, gender,join_date, npwp_address,phone_number, place_of_birth, postal_code_of_id_card, religion,residence_address, marital_status,blood_type, number_of_children, spouse_name,npwp, nik, nip,is_verified_hc,is_verified_email, is_completed, grade_id, email_verification_token) VALUES ('15','2021-12-15', '15', 'Eka6','Mandiri','321205151515','nurul aida','1998-07-17','085318919533','indramayu','ONSITE','NON_ACTIVE','FEMALE', '2021-04-20','indramayu','085323182016','indramayu','45261','ISLAM','jakarta','SINGLE','A',0,'Belum ada','12345678','3212055707980002','14061015900',FALSE,TRUE, TRUE,4,'tokentokentoken');
INSERT INTO employee(id, created_date, id_login, fullname, account_name, account_number, biological_mother_name, date_of_birth,emergency_number, ktp_address, employee_type, employee_status, gender,join_date, npwp_address,phone_number, place_of_birth, postal_code_of_id_card, religion,residence_address, marital_status,blood_type, number_of_children, spouse_name,npwp, nik, nip,is_verified_hc,is_verified_email, is_completed, grade_id, email_verification_token) VALUES ('16','2021-12-16', '16', 'Eka7','Mandiri','321205151515','nurul aida','1998-07-17','085318919533','indramayu','ONSITE','NON_ACTIVE','FEMALE', '2021-04-20','indramayu','085323182016','indramayu','45261','ISLAM','jakarta','SINGLE','A',0,'Belum ada','12345678','3212055707980002','14061015900',FALSE,TRUE, TRUE,4,'tokentokentoken');
INSERT INTO employee(id, created_date, id_login, fullname, account_name, account_number, biological_mother_name, date_of_birth,emergency_number, ktp_address, employee_type, employee_status, gender,join_date, npwp_address,phone_number, place_of_birth, postal_code_of_id_card, religion,residence_address, marital_status,blood_type, number_of_children, spouse_name,npwp, nik, nip,is_verified_hc,is_verified_email, is_completed, grade_id, email_verification_token) VALUES ('17','2021-12-17', '17', 'Eka8','Mandiri','321205151515','nurul aida','1998-07-17','085318919533','indramayu','ONSITE','NON_ACTIVE','FEMALE', '2021-04-20','indramayu','085323182016','indramayu','45261','ISLAM','jakarta','SINGLE','A',0,'Belum ada','12345678','3212055707980002','14061015900',FALSE,TRUE, TRUE,4,'tokentokentoken');
INSERT INTO employee(id, created_date, id_login, fullname, account_name, account_number, biological_mother_name, date_of_birth,emergency_number, ktp_address, employee_type, employee_status, gender,join_date, npwp_address,phone_number, place_of_birth, postal_code_of_id_card, religion,residence_address, marital_status,blood_type, number_of_children, spouse_name,npwp, nik, nip,is_verified_hc,is_verified_email, is_completed, grade_id, email_verification_token) VALUES ('18','2021-12-18', '18', 'Eka9','Mandiri','321205151515','nurul aida','1998-07-17','085318919533','indramayu','ONSITE','NON_ACTIVE','FEMALE', '2021-04-20','indramayu','085323182016','indramayu','45261','ISLAM','jakarta','SINGLE','A',0,'Belum ada','12345678','3212055707980002','14061015900',FALSE,TRUE, TRUE,4,'tokentokentoken');
INSERT INTO employee(id, created_date, id_login, fullname, account_name, account_number, biological_mother_name, date_of_birth,emergency_number, ktp_address, employee_type, employee_status, gender,join_date, npwp_address,phone_number, place_of_birth, postal_code_of_id_card, religion,residence_address, marital_status,blood_type, number_of_children, spouse_name,npwp, nik, nip,is_verified_hc,is_verified_email, is_completed, grade_id, email_verification_token) VALUES ('19','2021-12-19', '19', 'Eka10','Mandiri','321205151515','nurul aida','1998-07-17','085318919533','indramayu','ONSITE','NON_ACTIVE','FEMALE', '2021-04-20','indramayu','085323182016','indramayu','45261','ISLAM','jakarta','SINGLE','A',0,'Belum ada','12345678','3212055707980002','14061015900',FALSE,TRUE, TRUE,4,'tokentokentoken');
INSERT INTO employee(id, created_date, id_login, fullname, account_name, account_number, biological_mother_name, date_of_birth,emergency_number, ktp_address, employee_type, employee_status, gender,join_date, npwp_address,phone_number, place_of_birth, postal_code_of_id_card, religion,residence_address, marital_status,blood_type, number_of_children, spouse_name,npwp, nik, nip,is_verified_hc,is_verified_email, is_completed, grade_id, email_verification_token) VALUES ('20','2021-12-20', '20', 'Eka11','Mandiri','321205151515','nurul aida','1998-07-17','085318919533','indramayu','ONSITE','NON_ACTIVE','FEMALE', '2021-04-20','indramayu','085323182016','indramayu','45261','ISLAM','jakarta','SINGLE','A',0,'Belum ada','12345678','3212055707980002','14061015900',FALSE,TRUE, TRUE,4,'tokentokentoken');


INSERT INTO admin (id,created_date,name,id_login) VALUES ('1','2021-03-10','ikbal','1');
INSERT INTO admin (id,created_date,name,id_login) VALUES ('2','2021-03-11','arifin','2');


INSERT INTO reimbursement (id, created_date, borne_cost, claim_fee, date_of_claim_submission, disbursement_date, status_on_finance, status_on_hc, status_reject, status_success, id_category, id_employee) VALUES ('1', '2020-12-12', 120000, 120000, '2021-1-12', '2021-4-12', b'0', b'1', b'0', b'1', '1', '1');
INSERT INTO reimbursement (id, created_date, borne_cost, claim_fee, date_of_claim_submission, disbursement_date, status_on_finance, status_on_hc, status_reject, status_success, id_category, id_employee) VALUES ('2', '2020-12-12', 120000, 120000, '2021-3-12', '2021-4-12', b'1', b'0', b'0', b'1', '2', '2');
INSERT INTO reimbursement (id, created_date, borne_cost, claim_fee, date_of_claim_submission, disbursement_date, status_on_finance, status_on_hc, status_reject, status_success, id_category, id_employee) VALUES ('3', '2020-12-12', 120000, 120000, '2021-1-12', '2021-4-12', b'1', b'1', b'0', b'1', '3', '3');
INSERT INTO reimbursement (id, created_date, borne_cost, claim_fee, date_of_claim_submission, disbursement_date, status_on_finance, status_on_hc, status_reject, status_success, id_category, id_employee) VALUES ('4', '2020-12-12', 120000, 120000, '2021-1-12', '2021-4-12', b'1', b'1', b'0', b'1', '3', '3');
INSERT INTO reimbursement (id, created_date, borne_cost, claim_fee, date_of_claim_submission, disbursement_date, status_on_finance, status_on_hc, status_reject, status_success, id_category, id_employee) VALUES ('5', '2020-12-12', 120000, 120000, '2021-1-12', '2021-4-12', b'1', b'1', b'0', b'1', '2', '4');
INSERT INTO reimbursement (id, created_date, borne_cost, claim_fee, date_of_claim_submission, disbursement_date, status_on_finance, status_on_hc, status_reject, status_success, id_category, id_employee) VALUES ('6', '2020-12-12', 120000, 120000, '2021-1-12', '2021-4-12', b'1', b'1', b'0', b'1', '2', '5');
INSERT INTO reimbursement (id, created_date, borne_cost, claim_fee, date_of_claim_submission, disbursement_date, status_on_finance, status_on_hc, status_reject, status_success, id_category, id_employee) VALUES ('7', '2020-12-12', 120000, 120000, '2021-1-12', '2021-4-12', b'1', b'1', b'0', b'1', '4', '6');
INSERT INTO reimbursement (id, created_date, borne_cost, claim_fee, date_of_claim_submission, disbursement_date, status_on_finance, status_on_hc, status_reject, status_success, id_category, id_employee) VALUES ('8', '2020-12-12', 120000, 120000, '2021-1-12', '2021-4-12', b'1', b'1', b'0', b'1', '1', '7');
INSERT INTO reimbursement (id, created_date, borne_cost, claim_fee, date_of_claim_submission, disbursement_date, status_on_finance, status_on_hc, status_reject, status_success, id_category, id_employee) VALUES ('9', '2020-12-12', 120000, 120000, '2021-1-12', '2021-4-12', b'1', b'1', b'0', b'1', '2', '8');
INSERT INTO reimbursement (id, created_date, borne_cost, claim_fee, date_of_claim_submission, disbursement_date, status_on_finance, status_on_hc, status_reject, status_success, id_category, id_employee) VALUES ('10', '2020-12-12', 120000, 120000, '2021-1-12', '2021-4-12', b'1', b'1', b'0', b'1', '3', '9');
INSERT INTO reimbursement (id, created_date, borne_cost, claim_fee, date_of_claim_submission, disbursement_date, status_on_finance, status_on_hc, status_reject, status_success, id_category, id_employee) VALUES ('11', '2020-12-12', 120000, 120000, '2021-1-12', '2021-4-12', b'1', b'1', b'0', b'1', '2', '1');
INSERT INTO reimbursement (id, created_date, borne_cost, claim_fee, date_of_claim_submission, disbursement_date, status_on_finance, status_on_hc, status_reject, status_success, id_category, id_employee) VALUES ('12', '2020-12-12', 120000, 120000, '2021-1-12', '2021-4-12', b'1', b'1', b'0', b'1', '2', '2');
INSERT INTO reimbursement (id, created_date, borne_cost, claim_fee, date_of_claim_submission, disbursement_date, status_on_finance, status_on_hc, status_reject, status_success, id_category, id_employee) VALUES ('13', '2020-12-12', 120000, 120000, '2021-1-12', '2021-4-12', b'1', b'1', b'0', b'1', '2', '3');
INSERT INTO reimbursement (id, created_date, borne_cost, claim_fee, date_of_claim_submission, disbursement_date, status_on_finance, status_on_hc, status_reject, status_success, id_category, id_employee) VALUES ('14', '2020-12-12', 120000, 120000, '2021-1-12', '2021-4-12', b'1', b'1', b'0', b'1', '1', '4');
INSERT INTO reimbursement (id, created_date, borne_cost, claim_fee, date_of_claim_submission, disbursement_date, status_on_finance, status_on_hc, status_reject, status_success, id_category, id_employee) VALUES ('15', '2020-12-12', 120000, 120000, '2021-1-12', '2021-4-12', b'1', b'1', b'0', b'1', '1', '5');
INSERT INTO reimbursement (id, created_date, borne_cost, claim_fee, date_of_claim_submission, disbursement_date, status_on_finance, status_on_hc, status_reject, status_success, id_category, id_employee) VALUES ('16', '2020-12-12', 120000, 120000, '2021-1-12', '2021-4-12', b'1', b'1', b'0', b'1', '1', '6');
INSERT INTO reimbursement (id, created_date, borne_cost, claim_fee, date_of_claim_submission, disbursement_date, status_on_finance, status_on_hc, status_reject, status_success, id_category, id_employee) VALUES ('17', '2020-12-12', 120000, 120000, '2021-1-12', '2021-4-12', b'1', b'1', b'0', b'1', '3', '7');
INSERT INTO reimbursement (id, created_date, borne_cost, claim_fee, date_of_claim_submission, disbursement_date, status_on_finance, status_on_hc, status_reject, status_success, id_category, id_employee) VALUES ('18', '2020-12-12', 120000, 120000, '2021-1-12', '2021-4-12', b'1', b'1', b'0', b'1', '4', '8');
INSERT INTO reimbursement (id, created_date, borne_cost, claim_fee, date_of_claim_submission, disbursement_date, status_on_finance, status_on_hc, status_reject, status_success, id_category, id_employee) VALUES ('19', '2020-12-12', 120000, 120000, '2021-1-12', '2021-4-12', b'1', b'1', b'0', b'1', '2', '9');
INSERT INTO reimbursement (id, created_date, borne_cost, claim_fee, date_of_claim_submission, disbursement_date, status_on_finance, status_on_hc, status_reject, status_success, id_category, id_employee) VALUES ('20', '2020-12-12', 120000, 120000, '2021-1-12', '2021-4-12', b'1', b'1', b'0', b'1', '4', '1');
INSERT INTO reimbursement (id, created_date, borne_cost, claim_fee, date_of_claim_submission, disbursement_date, status_on_finance, status_on_hc, status_reject, status_success, id_category, id_employee) VALUES ('21', '2020-12-12', 120000, 120000, '2021-1-12', '2021-4-12', b'1', b'1', b'0', b'1', '1', '2');
INSERT INTO reimbursement (id, created_date, borne_cost, claim_fee, date_of_claim_submission, disbursement_date, status_on_finance, status_on_hc, status_reject, status_success, id_category, id_employee) VALUES ('22', '2020-12-12', 120000, 120000, '2021-1-12', '2021-4-12', b'1', b'1', b'0', b'1', '3', '3');
INSERT INTO reimbursement (id, created_date, borne_cost, claim_fee, date_of_claim_submission, disbursement_date, status_on_finance, status_on_hc, status_reject, status_success, id_category, id_employee) VALUES ('23', '2020-12-12', 120000, 120000, '2021-1-12', '2021-4-12', b'1', b'1', b'0', b'1', '4', '4');

INSERT INTO employee_contract(id, created_date,benefit_registration_status, date_of_acceptance_permanent_employee, date_of_resignation,end_date_contract,is_ended_contract,placement,start_date_contract,type_contract,employee_id) VALUES('1','2021-12-12', 'ON_PROCESS', '2019-02-02', '2021-02-02','2021-02-02', TRUE,'MANDIRI','2019-01-01','PKWT','2');
INSERT INTO employee_contract(id, created_date,benefit_registration_status, date_of_acceptance_permanent_employee, date_of_resignation,end_date_contract,is_ended_contract,placement,start_date_contract,type_contract,employee_id) VALUES('2','2021-12-12', 'ON_PROCESS', '2019-02-02', '2021-02-02','2021-02-02', TRUE,'MANDIRI','2019-01-01','PKWT','1');
INSERT INTO employee_contract(id, created_date,benefit_registration_status, date_of_acceptance_permanent_employee, date_of_resignation,end_date_contract,is_ended_contract,placement,start_date_contract,type_contract,employee_id) VALUES('3','2021-12-12', 'DONE', '2019-02-02', '2021-02-02','2021-02-02', TRUE,'MANDIRI','2019-01-01','PKWT','3');
INSERT INTO employee_contract(id, created_date,benefit_registration_status, date_of_acceptance_permanent_employee, date_of_resignation,end_date_contract,is_ended_contract,placement,start_date_contract,type_contract,employee_id) VALUES('4','2021-12-12', 'ON_PROCESS', '2019-02-02', '2021-02-02','2021-02-02', TRUE,'MANDIRI','2019-01-01','PKWT','4')
